{"_wandb":{"runtime":330},"_step":0,"Step":0,"Loss":2983.5260420732156,"_timestamp":1.7383600582990372e+09,"_runtime":304.096710446}