{"Step": 4372, "Loss": 0.0, "_timestamp": 1737133260.7583618, "_runtime": 611.4386937618256, "_step": 4372}