{"Step": 7719, "Loss": 0.0, "_timestamp": 1737142784.410257, "_runtime": 1249.5355761051178, "_step": 7719, "_wandb": {"runtime": 1249}}